{
   "dashboards": [{
      "autoswitchEnabled": false,
      "columnCount": 1,
      "columnProportion": "1-1",
      "creationTime": 1608463901818,
      "dashboardNavigations": {},
      "description": "",
      "disabled": false,
      "gridsterMaxColumns": 12,
      "hidden": false,
      "homeTab": false,
      "id": "09d12916-3cd9-471a-84c5-7c8670f255ff",
      "importAttempts": 0,
      "importComplete": true,
      "lastUpdateTime": 1608471808012,
      "lastUpdateUserId": "ac133867-8939-44b3-8049-49189d4dbd41",
      "locked": false,
      "name": "tkopton-HA-AdmissionControl-Overview",
      "rank": 0,
      "shared": false,
      "states": [],
      "temporary": false,
      "userId": "ac133867-8939-44b3-8049-49189d4dbd41",
      "widgetInteractions": [],
      "widgets": [
         {
            "collapsed": false,
            "config": {
               "chartViewItems": [],
               "isUpdatedView": true,
               "refreshContent": {"refreshContent": false},
               "refreshInterval": 300,
               "resource": {
                  "id": "Ext.vcops.chrome.model.Resource-1",
                  "resourceId": "resource:id:0_::_",
                  "resourceKindId": "002006VMWAREvSphere World",
                  "resourceName": "vSphere World",
                  "traversalSpecId": ""
               },
               "selectFirstRow": {"selectFirstRow": false},
               "selfProvider": {"selfProvider": true},
               "title": "4. Cluster HA Settings Overview",
               "traversalSpecId": null,
               "viewDefinitionId": "a86b8758-6341-4321-b4e8-0b54adbbdcfd"
            },
            "gridsterCoords": {
               "h": 5,
               "w": 10,
               "x": 1,
               "y": 6
            },
            "height": 267,
            "id": "0fcc43ad-5b47-4b0e-bbe3-980d628b4335",
            "title": "4. Cluster HA Settings Overview",
            "type": "View"
         },
         {
            "collapsed": false,
            "config": {
               "chartViewItems": ["labels"],
               "isUpdatedView": true,
               "refreshContent": {"refreshContent": false},
               "refreshInterval": 300,
               "resource": {
                  "id": "Ext.vcops.chrome.model.Resource-2",
                  "resourceId": "resource:id:0_::_",
                  "resourceKindId": "002006VMWAREvSphere World",
                  "resourceName": "vSphere World",
                  "traversalSpecId": ""
               },
               "selectFirstRow": {"selectFirstRow": false},
               "selfProvider": {"selfProvider": true},
               "title": "2. HA Enabled / Disabled",
               "traversalSpecId": null,
               "viewDefinitionId": "e041c79b-910f-477b-9d7a-d84e495119cb"
            },
            "gridsterCoords": {
               "h": 5,
               "w": 3,
               "x": 5,
               "y": 1
            },
            "height": 267,
            "id": "1f28b051-19cf-42c4-a85c-337dedb8d9f0",
            "title": "2. HA Enabled / Disabled",
            "type": "View"
         },
         {
            "collapsed": false,
            "config": {
               "editorData": "<b style=\"color: rgb(0, 0, 0); font-family: Metropolis, arial, sans-serif;\">Admission Control Policy values:<\/b><div style=\"color: rgb(0, 0, 0); font-family: Metropolis, arial, sans-serif;\"><br><\/div><div style=\"\"><font face=\"verdana\" style=\"\"><font color=\"#ff0000\">-1<\/font> - Admission Control disabled<\/font><\/div><div style=\"color: rgb(0, 0, 0);\"><font face=\"verdana\">0&nbsp; - Admission Control set to Cluster Resource Percentage<\/font><\/div><div style=\"color: rgb(0, 0, 0);\"><font face=\"verdana\">1&nbsp; - Admission Control set to Slot Policy<\/font><\/div><div style=\"color: rgb(0, 0, 0);\"><font face=\"verdana\">2&nbsp; - Admission Control set to Dedicated Failover Host\n<\/font><\/div>",
               "locationFile": "",
               "locationUrl": "",
               "refreshContent": {"refreshContent": false},
               "refreshInterval": 300,
               "title": "1. Dashboard Information",
               "viewModeHTML": true
            },
            "gridsterCoords": {
               "h": 5,
               "w": 4,
               "x": 1,
               "y": 1
            },
            "height": 267,
            "id": "5cf2ff7f-296c-447f-babf-89a0bc282550",
            "title": "1. Dashboard Information",
            "type": "TextDisplay"
         },
         {
            "collapsed": false,
            "config": {
               "chartViewItems": [
                  "legend",
                  "labels",
                  "title"
               ],
               "isUpdatedView": true,
               "refreshContent": {"refreshContent": false},
               "refreshInterval": 300,
               "resource": {
                  "id": "Ext.vcops.chrome.model.Resource-4",
                  "resourceId": "resource:id:0_::_",
                  "resourceKindId": "002006VMWAREvSphere World",
                  "resourceName": "vSphere World",
                  "traversalSpecId": ""
               },
               "selectFirstRow": {"selectFirstRow": false},
               "selfProvider": {"selfProvider": true},
               "title": "3. Admission Control Policy",
               "traversalSpecId": null,
               "viewDefinitionId": "27f6a2e8-ddac-4dc2-b3bf-5f222af701db"
            },
            "gridsterCoords": {
               "h": 5,
               "w": 3,
               "x": 8,
               "y": 1
            },
            "height": 267,
            "id": "215fbd0e-3c9c-497c-a2ae-5833d2666800",
            "title": "3. Admission Control Policy",
            "type": "View"
         },
         {
            "collapsed": false,
            "config": {
               "chartViewItems": [],
               "isUpdatedView": true,
               "refreshContent": {"refreshContent": false},
               "refreshInterval": 300,
               "resource": {
                  "id": "Ext.vcops.chrome.model.Resource-18",
                  "resourceId": "resource:id:0_::_",
                  "resourceKindId": "002006VMWAREvSphere World",
                  "resourceName": "vSphere World",
                  "traversalSpecId": ""
               },
               "selectFirstRow": {"selectFirstRow": false},
               "selfProvider": {"selfProvider": true},
               "title": "N+1 Cluster Admission Control Details",
               "traversalSpecId": null,
               "viewDefinitionId": "9e0d8c21-0a8e-4f50-8815-6e9803d771ba"
            },
            "gridsterCoords": {
               "h": 6,
               "w": 7,
               "x": 1,
               "y": 11
            },
            "height": 324,
            "id": "4498fd4e-0f91-465c-9613-a3e8c57f7090",
            "title": "N+1 Cluster Admission Control Details",
            "type": "View"
         },
         {
            "collapsed": false,
            "config": {
               "chartViewItems": [],
               "isUpdatedView": true,
               "refreshContent": {"refreshContent": false},
               "refreshInterval": 300,
               "resource": {
                  "id": "Ext.vcops.chrome.model.Resource-19",
                  "resourceId": "resource:id:0_::_",
                  "resourceKindId": "002006VMWAREvSphere World",
                  "resourceName": "vSphere World",
                  "traversalSpecId": ""
               },
               "selectFirstRow": {"selectFirstRow": false},
               "selfProvider": {"selfProvider": true},
               "title": "N*2 Cluster Admission Control Details",
               "traversalSpecId": null,
               "viewDefinitionId": "0b4ec026-8840-4c51-af1b-e217b2891e87"
            },
            "gridsterCoords": {
               "h": 6,
               "w": 7,
               "x": 1,
               "y": 17
            },
            "height": 324,
            "id": "71c8d138-df03-4697-bb35-5cc5f837e716",
            "title": "N*2 Cluster Admission Control Details",
            "type": "View"
         },
         {
            "collapsed": false,
            "config": {
               "chartViewItems": [],
               "isUpdatedView": true,
               "refreshContent": {"refreshContent": false},
               "refreshInterval": 300,
               "resource": {
                  "id": "Ext.vcops.chrome.model.Resource-15",
                  "resourceId": "resource:id:0_::_",
                  "resourceKindId": "002006VMWAREvSphere World",
                  "resourceName": "vSphere World",
                  "traversalSpecId": ""
               },
               "selectFirstRow": {"selectFirstRow": false},
               "selfProvider": {"selfProvider": true},
               "title": "N+1 Non-Compliant Clusters",
               "traversalSpecId": null,
               "viewDefinitionId": "96ec18b5-4e89-48c0-a4f4-1517395b575b"
            },
            "gridsterCoords": {
               "h": 6,
               "w": 3,
               "x": 8,
               "y": 11
            },
            "height": 324,
            "id": "8569b7ff-1680-4303-bfc7-df61054055e0",
            "title": "N+1 Non-Compliant Clusters",
            "type": "View"
         },
         {
            "collapsed": false,
            "config": {
               "chartViewItems": [],
               "isUpdatedView": true,
               "refreshContent": {"refreshContent": false},
               "refreshInterval": 300,
               "resource": {
                  "id": "Ext.vcops.chrome.model.Resource-14",
                  "resourceId": "resource:id:0_::_",
                  "resourceKindId": "002006VMWAREvSphere World",
                  "resourceName": "vSphere World",
                  "traversalSpecId": ""
               },
               "selectFirstRow": {"selectFirstRow": false},
               "selfProvider": {"selfProvider": true},
               "title": "N*2 Non-Compliant Clusters",
               "traversalSpecId": null,
               "viewDefinitionId": "b86cafe0-2b5d-4a35-bb9a-689cab8da45e"
            },
            "gridsterCoords": {
               "h": 6,
               "w": 3,
               "x": 8,
               "y": 17
            },
            "height": 324,
            "id": "b3957950-c300-40b1-b141-bb17b80a41ab",
            "title": "N*2 Non-Compliant Clusters",
            "type": "View"
         }
      ]
   }],
   "entries": {"resource": [{
      "adapterKindKey": "VMWARE",
      "identifiers": [],
      "internalId": "resource:id:0_::_",
      "name": "vSphere World",
      "resourceKindKey": "vSphere World"
   }]},
   "uuid": "6e1f928b-8a87-46fd-b547-34ab07ff1d93"
}